snokadb_id,name,seasons,matches,goals
abdoulie-tamba,Abdoulie Tamba,2025,5,0
alexander-fransson,Alexander Fransson,2013 och 7 säsonger,201,17
amadeus-sogaard,Amadeus Sögaard,"2024, 2025",34,0
anton-eriksson,Anton Eriksson,"2022, 2023, 2024, 2025",79,0
arnor-traustason,Arnor Traustason,2014 och 6 säsonger,151,35
axel-bronner,Axel Brönner,2025,16,0
christoffer-nyman,Christoffer Nyman,2010 och 13 säsonger,329,112
david-andersson,David Andersson,2025,30,0
david-moberg-karlsson,David Moberg Karlsson,2016 och 4 säsonger,105,25
isak-andri-sigurgeirsson,Isak Andri Sigurgeirsson,"2023, 2024, 2025",60,10
ismet-lushaku,Ismet Lushaku,"2024, 2025",36,2
jesper-ceesay,Jesper Ceesay,"2023, 2024, 2025",52,1
jesper-lindvall,Jesper Lindvall,2025,2,0
jonatan-gudni-arnarsson,Jónatan Guðni Arnarsson,2025,10,0
kevin-hoog-jansson,Kevin Höög Jansson,"2023, 2024, 2025",44,2
kojo-peprah-oppong,Kojo Peprah Oppong,"2023, 2025",16,0
marcus-baggesen,Marcus Baggesen,"2023, 2024, 2025",63,0
max-watson,Max Watson,"2024, 2025",58,2
moutaz-neffati,Moutaz Neffati,"2023, 2024, 2025",45,2
sebastian-jorgensen,Sebastian Jörgensen,2025,14,5
theo-krantz,Theo Krantz,2025,1,0
tim-prica,Tim Prica,"2024, 2025",52,6
william-bergman,William Bergman,2025,1,0
yahya-kalley,Yahya Kalley,"2023, 2024, 2025",69,0
ake-andersson,Åke Andersson,"2024, 2025",19,0
abbas-hassan,Abbas Hassan,"2010, 2011, 2012",32,0
abderahman-kabous,Abderahman Kabous,2005,18,1
abdulrazaq-ishaq,Abdulrazaq Ishaq,"2020, 2021, 2022",54,2
adin-bukva,Adin Bukva,2016,3,0
alexander-jakobsen,Alexander Jakobsen,"2017, 2018, 2019",42,3
alexander-petras,Alexander Petras,"2001, 2002",16,1
alexander-radesjo,Alexander Radesjö,2005,1,0
alexander-ostlund,Alexander Östlund,"1999, 2000, 2001, 2002",78,3
alfons-sampsted,Alfons Sampsted,2017,2,0
algot-wulff,Algot Wulff,1930/31,18,0
alhaji-kamara,Alhaji Kamara,"2014, 2015",40,16
allan-hasselmark,Allan Hasselmark,"1924/25, 1925/26, 1926/27, 1927/28",80,6
allan-johansson,Allan Johansson,1925/26 och 7 säsonger,84,4
allan-pettersson,Allan Pettersson,1937/38,5,1
anders-whass,Anders Whass,2004 och 7 säsonger,187,5
anders-wikstrom,Anders Wikström,2011,28,1
andreas-alm,Andreas Alm,"2003, 2004, 2005",60,26
andreas-blomqvist,Andreas Blomqvist,2016 och 4 säsonger,55,4
andreas-dahlen,Andreas Dahlén,"2004, 2005",33,0
andreas-hadenius,Andreas Hadenius,"2014, 2015, 2016, 2017",47,1
andreas-haglund,Andreas Haglund,"2007, 2008, 2009",31,0
andreas-johansson,Andreas Johansson,2012 och 6 säsonger,205,10
andreas-lindberg,Andreas Lindberg,2003 och 5 säsonger,84,0
andreas-thomas,Andreas Thomas,"1998, 1999",17,1
andreas-vaikla,Andreas Vaikla,2016,13,0
andri-lucas-gudjohnsen,Andri Lucas Gudjohnsen,"2022, 2023",29,1
antti-sumiala,Antti Sumiala,"2002, 2003",33,20
ari-freyr-skulason,Ari Freyr Skúlason,"2021, 2022, 2023",64,2
armando-ibrakovic,Armando Ibrakovic,"2008, 2009",23,1
armin-tankovic,Armin Tankovic,"2009, 2010, 2011, 2012",50,4
arne-andersson,Arne Andersson,1937/38,2,0
arne-eriksson,Arne Eriksson,1935/36,1,1
arne-rehnberg,Arne Rehnberg,1969,7,0
arne-tornqvist,Arne Törnqvist,"1931/32, 1932/33, 1935/36",3,0
arnor-sigurdsson,Arnor Sigurdsson,"2017, 2018, 2022, 2023",46,14
arthur-astrand,Arthur Åstrand,"1924/25, 1925/26, 1928/29, 1929/30",41,1
astrit-ajdarevic,Astrit Ajdarevic,"2011, 2012",40,6
axel-jansson,Axel Jansson,1924/25 och 5 säsonger,44,10
axel-pressfeldt,Axel Pressfeldt,1934/35,8,2
axel-ramsten,Axel Ramsten,1931/32,1,0
aziz-tafer,Aziz Tafer,2005,4,1
balazs-raboczki,Balázs Rabóczkí,2002,26,0
bengt-carlson,Bengt Carlson,1947/48,2,0
bengt-carlsson,Bengt Carlsson,1924/25 och 4 säsonger,63,12
bengt-flisberg,Bengt Flisberg,1931/32 och 4 säsonger,81,53
bengt-gustavsson,Bengt Gustavsson,1947/48 och 8 säsonger,147,17
bengt-lindstrom,Bengt Lindström,1966 och 7 säsonger,143,0
bengt-nilsson,Bengt Nilsson,1950/51,1,0
bengt-nyholm,Bengt Nyholm,1948/49 och 14 säsonger,295,0
bengt-rosen,Bengt Rosén,"1952/53, 1953/54",15,2
bennard-yao-kumordzi,Bennard Yao Kumordzi,"2005, 2006",9,2
benny-wendt,Benny Wendt,1969 och 6 säsonger,124,51
bert-ottar-blom,Bert Ottar Blom,"1959, 1967, 1968, 1969",25,0
bert-olof-haglund,Bert-Olof Haglund,"1964, 1965, 1967",9,1
bertil-andersson,Bertil Andersson,1929/30 och 8 säsonger,129,40
bertil-remnegard,Bertil Remnegård,"1949/50, 1950/51",21,6
bill-bjorklund,Bill Björklund,1961 och 7 säsonger,148,24
birger-lonn,Birger Lönn,"1962, 1963, 1964",8,0
birger-rosengren,Birger Rosengren,1935/36 och 14 säsonger,265,13
birkir-kristinsson,Birkir Kristinsson,1998,3,0
bjorn-franren,Björn Franrén,"1968, 1969",14,0
bjorn-nordqvist,Björn Nordqvist,1961 och 11 säsonger,245,7
bo-la-fleur,Bo la Fleur,1965 och 5 säsonger,76,1
bo-lagerlund,Bo Lagerlund,"1962, 1963, 1964, 1965",49,3
bo-larsson,Bo Larsson,"1976, 1977, 1979, 1980",23,0
bo-nilsson,Bo Nilsson,"1970, 1971",16,0
bo-nilsson-nilmert,Bo Nilsson - Nilmert,1967,3,0
bo-ramsten,Bo Ramsten,"1930/31, 1932/33",7,4
bo-stenqvist,Bo Stenqvist,"1972, 1973, 1974, 1975",28,3
bobbie-friberg-da-cruz,Bobbie Friberg da Cruz,"2011, 2012, 2013",55,4
brian-mcdermott,Brian McDermott,1984,17,5
bror-norrman,Bror Norrman,1929/30,3,1
bruno-carlberg,Bruno Carlberg,"1924/25, 1925/26",25,0
bruno-santos,Bruno Santos,2004 och 5 säsonger,92,40
brynolf-ekelin,Brynolf Ekelin,"1924/25, 1925/26, 1926/27, 1927/28",45,38
caio-mendes,Caio Mendes,"2010, 2011",16,0
carl-bjork,Carl Björk,"2020, 2021, 2023, 2024",65,9
carl-erik-lindestrom,Carl-Erik Lindeström,1924/25,1,0
carl-evert-westerlund,Carl-Evert Westerlund,1934/35 och 5 säsonger,83,0
christer-eriksson,Christer Eriksson,"1986, 1987, 1988",15,0
christer-hult,Christer Hult,1964 och 11 säsonger,190,11
christer-olsson,Christer Olsson,1964,1,0
christer-sjolund,Christer Sjölund,1967,8,3
christopher-josue-meneses-barrantes,Christopher Josue Meneses Barrantes,"2013, 2014",32,2
christopher-telo,Christopher Telo,2007 och 14 säsonger,251,21
curt-bernsten,Curt Bernsten,1976 och 4 säsonger,92,10
curt-lovgren,Curt Lövgren,"1956/57, 1957/58, 1959, 1960",19,0
curt-spogardh,Curt Spogardh,1948/49,4,0
dago-funes,Dago Funes,"2004, 2005",47,9
dan-larsson,Dan Larsson,"1984, 1985",25,0
dan-svensson,Dan Svensson,1984,1,0
dani-hamzo,Dani Hamzo,1995,1,0
daniel-bamberg,Daniel Bamberg,2006 och 4 säsonger,116,25
daniel-fredriksson,Daniel Fredriksson,2005,3,0
daniel-fritz-eid,Daniel Fritz Eid,"2022, 2023, 2024",67,1
daniel-sjolund,Daniel Sjölund,"2015, 2016, 2017, 2018",88,6
darko-mavrak,Darko Mavrak,"1996, 1997",27,1
darrell-kamdem-tibell,Darrell Kamdem Tibell,2022,3,0
david-adolfsson,David Adolfsson,1927/28 och 5 säsonger,109,9
david-boo-wiklander,David Boo Wiklander,2010 och 5 säsonger,139,1
david-mitov-nilsson,David Mitov Nilsson,2009 och 7 säsonger,136,0
david-nordbeck,David Nordbeck,"2006, 2007, 2008",42,2
dawid-banaczek,Dawid Banaczek,"2001, 2002, 2003",33,4
dick-last,Dick Last,"1996, 1997",49,0
didace-burubwa,Didace Burubwa,2023,1,0
dime-jankulovski,Dime Jankulovski,2003,13,0
dino-salihovic,Dino Salihovic,"2021, 2022, 2024",41,0
diogo-oliveira,Diogo Oliveira,2006,8,0
djordje-mrdjanin,Djordje Mrdjanin,"2008, 2009",15,1
donny-sundell,Donny Sundell,"1994, 1995",3,0
eddie-gustafsson,Eddie Gustafsson,1995 och 5 säsonger,87,0
edvard-skagestad,Edvard Skagestad,2014,18,2
edvin-johansson,Edvin Johansson,"1924/25, 1927/28, 1928/29, 1929/30",47,5
edvin-tellgren,Edvin Tellgren,2021,1,0
egzon-binaku,Egzon Binaku,"2019, 2020, 2021, 2022",26,0
einar-karlsson,Einar Karlsson,"1949/50, 1950/51, 1951/52, 1952/53",58,6
einar-steen,Einar Stéen,1940/41 och 8 säsonger,182,0
einar-wallsing,Einar Wallsing,1927/28,2,0
eine-fredriksson,Eine Fredriksson,1977 och 6 säsonger,151,15
eirik-dybendal,Eirik Dybendal,2006 och 4 säsonger,122,17
elis-hallberg,Elis Hallberg,"1936/37, 1937/38",2,0
elof-pettersson,Elof Pettersson,"1924/25, 1925/26, 1926/27",31,2
elon-lilden,Elon Lildén,1932/33,1,0
elon-milden,Elon Mildén,"1933/34, 1934/35",11,0
eman-markovic,Eman Markovic,2022,15,1
emanuel-chabo,Emanuel Chabo,2021,1,0
emil-roback,Emil Roback,2023,4,0
emir-kujovi,Emir Kujović,"2013, 2014, 2015, 2016",59,38
eric-smith,Eric Smith,"2016, 2017, 2018, 2020",69,0
erik-holmqvist,Erik Holmqvist,1939/40 och 11 säsonger,229,70
erik-hoog,Erik Höög,1937/38,2,0
erik-jansson,Erik Jansson,2010,1,0
erik-karlsson,Erik Karlsson,1936/37,2,0
erik-norrby,Erik Norrby,"1994, 1995",26,0
evert-lager,Evert Lager,1926/27 och 9 säsonger,131,94
felix-magro,Felix Magro,2008,24,2
filip-apelstav,Filip Apelstav,1996 och 5 säsonger,108,5
filip-dagerstal,Filip Dagerstål,2014 och 7 säsonger,143,6
fredrik-bild,Fredrik Bild,"1999, 2000, 2001, 2002",101,9
fredrik-enerby,Fredrik Enerby,1994,1,0
fritiof-hellichius,Fritiof Hellichius,"2022, 2023",7,0
gardar-gunnlaugsson,Gardar Gunnlaugsson,"2006, 2007, 2008",49,29
gentrit-citaku,Gentrit Citaku,"2013, 2015, 2016",12,0
georg-ericson,Georg Ericson,1938/39 och 10 säsonger,105,45
georg-hogvall,Georg Högvall,"1924/25, 1925/26, 1926/27, 1927/28",76,5
george-parris,George Parris,1995,4,0
georgios-karathanasis,Georgios Karathanasis,"1990, 1991, 2002, 2003",49,3
gerhard-torstensson,Gerhard Torstensson,1976,2,0
gert-hellberg,Gert Hellberg,1971 och 7 säsonger,179,12
godswill-ekpolo,Godswill Ekpolo,2022,28,0
grant-igesund,Grant Igesund,"2005, 2006",14,3
gudmundur-mete,Gudmundur Mete,"2003, 2004",27,1
gudmundur-thorarinsson,Gudmundur Thórarinsson,"2017, 2018, 2019",84,4
gunnar-blomqvist,Gunnar Blomqvist,"1937/38, 1938/39",20,4
gunnar-goransson,Gunnar Göransson,1937/38,9,0
gunnar-heidar-thorvaldsson,Gunnar Heidar Thorvaldsson,"2011, 2012, 2013",70,34
gunnar-karlsson,Gunnar Karlsson,1957/58,6,1
gunnar-moller,Gunnar Möller,1934/35,8,0
gunnar-nordahl,Gunnar Nordahl,1944/45 och 4 säsonger,92,93
gunnar-persson,Gunnar Persson,1929/30,1,0
gunnar-ragnar,Gunnar Ragnar,1925/26 och 10 säsonger,183,1
gunnar-stahl,Gunnar Ståhl,1925/26,4,2
gunnar-thor-gunnarsson,Gunnar Thor Gunnarsson,"2008, 2009, 2010",43,1
gustav-abrahamsson,Gustav Abrahamsson,1928/29,10,3
gustav-adolfsson,Gustav Adolfsson,1929/30,20,1
goran-bergort,Göran Bergort,1991 och 5 säsonger,117,6
goran-e-karlsson,Göran E Karlsson,"1980, 1981",41,3
goran-gustafsson,Göran Gustafsson,1950/51,1,0
goran-holm,Göran Holm,"1975, 1976",2,0
goran-holter,Göran Holter,1986 och 6 säsonger,137,36
goran-landberg,Göran Landberg,1949/50,3,0
goran-linder,Göran Linder,1943/44,1,0
gosta-banan-andersson,"Gösta ""Banan"" Andersson",1924/25 och 4 säsonger,101,8
gosta-andersson,Gösta Andersson,"1934/35, 1935/36, 1936/37, 1937/38",25,10
gosta-berglund,Gösta Berglund,1927/28 och 5 säsonger,107,0
gosta-lofgren,Gösta Löfgren,"1960, 1961, 1962, 1963",42,18
gosta-malm,Gösta Malm,1940/41 och 9 säsonger,188,23
gosta-nordahl,Gösta Nordahl,1949/50 och 4 säsonger,56,14
gosta-persson,Gösta Persson,1954/55 och 6 säsonger,62,11
gosta-ragnar,Gösta Ragnar,1930/31,2,0
gote-anrell,Göte Anrell,1947/48 och 8 säsonger,132,4
gote-ortegren,Göte Örtegren,1939/40 och 4 säsonger,25,20
halvar-carlbom,Halvar Carlbom,1936/37 och 12 säsonger,215,77
hamilton-thorp,Hamilton Thorp,2003,13,1
hans-eriksson,Hans Eriksson,1986,1,0
hans-eskilsson,Hans Eskilsson,"1985, 1986, 1987",56,7
hans-holmertz,Hans Holmertz,"1974, 1975, 1976",64,8
hans-karlsson,Hans Karlsson,1961,1,0
hans-larsson,Hans Larsson,1967 och 7 säsonger,140,17
hans-ottosson,Hans Ottosson,1975,2,0
hans-rosander,Hans Rosander,1960 och 5 säsonger,100,2
hans-ahmansson,Hans Åhmansson,"1974, 1975, 1976",27,0
harald-brask,Harald Brask,1940/41,8,0
harald-nyman,Harald Nyman,1924/25,1,0
haris-laitinen,Haris Laitinen,2006,25,6
harry-bild,Harry Bild,1956/57 och 7 säsonger,175,119
harry-fyhrberg,Harry Fyhrberg,1928/29,5,0
harry-risberg,Harry Risberg,"1938/39, 1939/40",2,0
harry-stanley,Harry Stanley,"1924/25, 1925/26, 1926/27",25,9
harry-westerlund,Harry Westerlund,"1936/37, 1937/38",14,0
hasan-cetinkaya,Hasan Cetinkaya,"1995, 1996, 1997, 1998",45,4
henric-karlsson,Henric Karlsson,1997,1,0
henrik-castegren,Henrik Castegren,2016 och 4 säsonger,80,3
henrik-skarnell,Henrik Skärnell,"1924/25, 1925/26",3,0
henrik-svedberg,Henrik Svedberg,2009,1,0
henry-kallgren,Henry Källgren,1949/50 och 9 säsonger,181,126
herbert-sandin,Herbert Sandin,1950/51 och 7 säsonger,174,66
holger-nyman,Holger Nyman,1947/48 och 10 säsonger,185,3
hakan-forsberg,Håkan Forsberg,1969,3,0
hakan-larsson,Håkan Larsson,"1978, 1979, 1980, 1981",54,1
hakan-lindman,Håkan Lindman,1988,0,1
hakan-lundstrom,Håkan Lundström,1979 och 4 säsonger,110,1
hakan-malmqvist,Håkan Malmqvist,1975,2,0
hakan-pettersson,Håkan Pettersson,1978 och 9 säsonger,163,12
hakan-spjuth,Håkan Spjuth,"1983, 1984",22,3
ian-smith,Ian Smith,"2018, 2019",37,2
igor-ponomarjev,Igor Ponomarjev,1989,17,3
imad-khalili,Imad Khalili,2008 och 5 säsonger,101,29
inge-danielsson,Inge Danielsson,1973,3,0
ingemar-johansson,Ingemar Johansson,1947/48,2,0
ingemar-knutsson,Ingemar Knutsson,"1945/46, 1946/47, 1950/51",10,0
isaac-kiese-thelin,Isaac Kiese Thelin,"2012, 2013, 2014",48,6
isak-bergmann-johannesson,Isak Bergmann Jóhannesson,"2019, 2020, 2021",44,5
isak-pettersson,Isak Pettersson,"2018, 2019, 2020",90,0
isak-ssewankambo,Isak Ssewankambo,2024,13,0
issah-mohammed,Issah Mohammed,2002,11,1
ivo-vazgec,Ivo Vazgec,2009,11,0
jacob-ortmark,Jacob Ortmark,"2022, 2023, 2024",49,6
james-frempong,James Frempong,"2011, 2012, 2013, 2014",37,2
jan-fimpen-eriksson,"Jan ""Fimpen"" Eriksson","1984, 1985",20,1
jan-connman,Jan Connman,1967,7,0
jan-eriksson,Jan Eriksson,"1983, 1991, 1992",45,4
jan-heden,Jan Hedén,1987 och 4 säsonger,67,1
jan-hellstrom,Jan Hellström,1981 och 11 säsonger,232,107
jan-jansson,Jan Jansson,1993 och 7 säsonger,100,11
jan-johnsson,Jan Johnsson,"1976, 1977, 1979, 1980",19,1
jan-kalen,Jan Kalén,1982 och 11 säsonger,170,6
jan-olsson,Jan Olsson,1961 och 5 säsonger,48,3
jan-svensson,Jan Svensson,1977 och 8 säsonger,185,39
jan-ake-jonsson,Jan-Åke Jonsson,1974 och 11 säsonger,260,0
jani-sarajarvi,Jani Sarajärvi,"2002, 2003",30,0
janne-hietanen,Janne Hietanen,1998,2,0
jean-carlos-de-brito,Jean Carlos De Brito,2022,8,0
jens-nilsson,Jens Nilsson,"1991, 1992",16,4
jesper-tolinsson,Jesper Tolinsson,2023,10,0
jevgenij-charlitov,Jevgenij Charlitov,1997,1,0
jevgenij-kuznetsov,Jevgenij Kuznetsov,"1990, 1991, 1992, 1993",61,7
joachim-acheampong,Joachim Acheampong,"1994, 1995",22,1
joe-spiteri,Joe Spiteri,2001,8,1
joel-enarsson,Joel Enarsson,"2015, 2016",15,0
johan-roxstrom,Johan Roxström,2003,7,0
johan-soderberg,Johan Söderberg,"2003, 2004, 2005",15,0
johannes-kristinn-bjarnason,Jóhannes Kristinn Bjarnason,2021,1,0
johannes-vall,Johannes Vall,"2017, 2018, 2019",6,0
john-ohlin,John Öhlin,1924/25,1,0
johnny-einarsson,Johnny Einarsson,"1974, 1976",6,0
jon-gudni-fjoluson,Jón Guðni Fjóluson,"2016, 2017, 2018",59,3
jonas-andersson,Jonas Andersson,2003,11,1
jonas-bjurstrom,Jonas Bjurström,1998 och 4 säsonger,76,5
jonas-lind,Jonas Lind,1981 och 14 säsonger,284,23
jonas-persson,Jonas Persson,1994,2,1
jonas-wallerstedt,Jonas Wallerstedt,1995 och 7 säsonger,133,31
jonathan-levi,Jonathan Levi,"2020, 2021, 2022",81,17
jonnie-efraimsson,Jonnie Efraimsson,"1984, 1985",39,8
jonny-rodlund,Jonny Rödlund,1989 och 4 säsonger,77,9
joonas-tamm,Joonas Tamm,"2011, 2012, 2013",5,0
jordan-larsson,Jordan Larsson,"2018, 2019",41,12
joseph-ceesay,Joseph Ceesay,2024,7,0
junus-lindberg,Junus Lindberg,"1936/37, 1937/38",11,4
karl-holmberg,Karl Holmberg,"2016, 2017, 2018, 2019",95,31
karl-johansson,Karl Johansson,1938/39 och 5 säsonger,76,11
karl-kronkvist,Karl Kronkvist,"1954/55, 1956/57",2,0
karl-edvin-steen,Karl-Edvin Stéen,1946/47 och 8 säsonger,143,10
karl-gustav-widegren,Karl-Gustav Widegren,1928/29 och 7 säsonger,97,5
kasper-larsen,Kasper Larsen,"2018, 2019",30,2
keith-pettersson,Keith Pettersson,"1960, 1961",19,8
kennet-andersson,Kennet Andersson,1993,13,8
kenneth-aslund,Kenneth Åslund,"1972, 1973, 1974",30,8
kent-hellstrom,Kent Hellström,"1979, 1981, 1982",10,0
kent-lundqvist,Kent Lundqvist,1976 och 7 säsonger,186,65
kevin-alvarez,Kevin Alvarez,"2019, 2020, 2021",6,0
kevin-amuneke,Kevin Amuneke,2008,27,6
kim-suominen,Kim Suominen,"1996, 1997",45,2
kjell-larsson,Kjell Larsson,"1983, 1984",12,1
kleber-saarenpaa,Klebér Saarenpää,"1997, 1998, 1999, 2000",88,4
knut-lindau,Knut Lindau,1930/31,16,0
knut-nordahl,Knut Nordahl,1941/42 och 8 säsonger,167,39
krister-norblad,Krister Norblad,1968 och 8 säsonger,112,16
kristian-bergstrom,Kristian Bergström,1998 och 4 säsonger,129,21
kristoffer-arvhage,Kristoffer Arvhage,2006 och 4 säsonger,125,2
kristoffer-khazeni,Kristoffer Khazeni,"2021, 2023, 2024",53,2
kurt-lovgren,Kurt Lövgren,1951/52 och 4 säsonger,24,2
lambert-ramsten,Lambert Ramsten,1928/29 och 5 säsonger,50,5
laorent-shabani,Laorent Shabani,"2022, 2023, 2024",48,4
lars-appelqvist,Lars Appelqvist,"1945/46, 1948/49",2,1
lars-berglund,Lars Berglund,1964 och 6 säsonger,107,35
lars-bergstrom,Lars Bergström,1942/43,1,0
lars-eriksson,Lars Eriksson,1989 och 6 säsonger,158,0
lars-krogh-gerson,Lars Krogh Gerson,2012 och 5 säsonger,153,17
lars-lindqvist,Lars Lindqvist,1936/37,3,0
lars-svensson,Lars Svensson,"1937/38, 1939/40",4,0
lars-erik-bergstrand,Lars-Erik Bergstrand,"1962, 1963, 1964",39,12
lars-erik-wickberg,Lars-Erik Wickberg,1937/38 och 6 säsonger,72,1
lars-erik-winge,Lars-Erik Winge,1954/55,1,0
lars-ake-berglund,Lars-Åke Berglund,1967,1,0
leandre-griffit,Léandre Griffit,"2007, 2008",10,0
leif-andersson,Leif Andersson,1975 och 10 säsonger,217,46
leif-anglesjo,Leif Anglesjö,"1978, 1979, 1980, 1981",44,6
leif-holmqvist,Leif Holmqvist,"1963, 1964",28,0
lennart-andersson,Lennart Andersson,1971 och 4 säsonger,39,0
lennart-backman,Lennart Backman,"1956/57, 1957/58",32,6
lennart-carlsson,Lennart Carlsson,"1969, 1970",24,0
lennart-eriksson,Lennart Eriksson,1955/56 och 4 säsonger,44,12
lennart-fyhrberg,Lennart Fyhrberg,1941/42,1,0
lennart-holmqvist,Lennart Holmqvist,1950/51 och 5 säsonger,81,35
lennart-weidenstolpe,Lennart Weidenstolpe,"1985, 1986, 1987, 1988",64,1
lennart-westren,Lennart Westrén,1940/41,4,1
lennart-wigren,Lennart Wigren,1934/35 och 12 säsonger,216,92
leo-jonsson,Leo Jonsson,"2023, 2024",2,0
linus-hallenius,Linus Hallenius,2020,8,0
linus-hellman,Linus Hellman,2006,1,0
linus-wahlqvist,Linus Wahlqvist,2014 och 7 säsonger,192,11
lucas-lima,Lucas Lima,"2021, 2022",17,1
magnus-gustafsson,Magnus Gustafsson,"1996, 1997",43,12
magnus-jonsson,Magnus Jonsson,2006,27,0
magnus-karlsson,Magnus Karlsson,1987 och 4 säsonger,78,5
magnus-samuelsson,Magnus Samuelsson,1990 och 10 säsonger,147,9
maic-sema,Maic Sema,2019 och 4 säsonger,77,5
malcolm-mcpherson,Malcolm McPherson,1996,2,1
malte-palm,Malte Palm,1925/26,15,3
manasse-kusu,Manasse Kusu,"2019, 2020, 2021",12,0
marcin-burkhardt,Marcin Burkhardt,"2008, 2009",29,5
marco-lund,Marco Lund,"2021, 2022, 2023",68,2
marcus-falk-olander,Marcus Falk-Olander,2010 och 7 säsonger,108,4
marcus-johansson,Marcus Johansson,"2010, 2011",9,0
marcus-sahlman,Marcus Sahlman,2014,8,0
markus-hansson,Markus Hansson,"2004, 2005",46,1
markus-tornvall,Markus Törnvall,"1989, 1990",20,0
martin-gustafsson,Martin Gustafsson,"2005, 2006",4,0
martin-gustavsson,Martin Gustavsson,"1928/29, 1929/30, 1930/31",31,4
martin-smedberg-dalence,Martin Smedberg-Dalence,"2011, 2012, 2013",89,6
martin-aslund,Martin Åslund,"1997, 1998",48,4
mathias-floren,Mathias Florén,1997 och 7 säsonger,202,4
mathias-gravem,Mathias Gravem,"1998, 1999, 2000, 2001",71,8
mats-almgren,Mats Almgren,"1988, 1989, 1990, 1991",36,2
mats-johansson,Mats Johansson,1982 och 5 säsonger,85,0
mats-olofsson,Mats Olofsson,"1974, 1975, 1976",27,1
mattias-flodstrom,Mattias Flodström,"1999, 2000, 2001, 2002",79,22
mattias-ostberg,Mattias Östberg,"1999, 2000, 2001",65,8
michael-langer,Michael Langer,"2016, 2017",28,0
mika-niskala,Mika Niskala,2001,2,0
mikael-blomberg,Mikael Blomberg,1994 och 13 säsonger,281,18
mikael-cupan,Mikael Cupan,2003,5,0
mikael-eriksson,Mikael Eriksson,"1985, 1986, 1987",5,0
mikael-fyhrberg,Mikael Fyhrberg,1985,2,0
mikael-granskog,Mikael Granskog,1981 och 5 säsonger,82,0
mikael-hansson,Mikael Hansson,1990 och 9 säsonger,187,16
mikael-kalpakidis,Mikael Kalpakidis,1988,1,0
mikael-lindskog,Mikael Lindskog,2010,23,2
mikael-roth,Mikael Roth,2003 och 6 säsonger,173,11
mikael-strom,Mikael Ström,1995 och 9 säsonger,185,5
mikael-torin,Mikael Torin,"2002, 2003, 2004, 2005",82,6
mirza-halvadzic,Mirza Halvadzic,"2014, 2015",3,0
modou-barrow,Modou Barrow,2012,7,0
morten-skjonsberg,Morten Skjønsberg,"2012, 2013, 2014",67,0
neathan-gibson,Neathan Gibson,1997,12,3
nick-bosevski,Nick Bosevski,"2002, 2003",24,8
nicklas-barkroth,Nicklas Bärkroth,"2015, 2016, 2017",53,6
niclas-eliasson,Niclas Eliasson,"2016, 2017",30,4
niclas-fredriksson,Niclas Fredriksson,"2002, 2003",39,15
niclas-kindvall,Niclas Kindvall,"1991, 1992, 1993, 1994",69,32
niklas-gunnarsson,Niklas Gunnarsson,2023,11,0
niklas-karlstrom,Niklas Karlström,1989,0,0
niklas-westberg,Niklas Westberg,"2010, 2011",39,0
nikola-jokisic,Nikola Jokisic,1994,4,0
nikola-tkalcic,Nikola Tkalcic,2011 och 6 säsonger,106,8
nils-andersson,Nils Andersson,"1928/29, 1929/30, 1930/31, 1931/32",28,8
nils-eriksson,Nils Eriksson,"1928/29, 1929/30, 1930/31",12,5
nils-gustafsson,Nils Gustafsson,"1936/37, 1937/38",6,0
nils-lennstrom,Nils Lennström,1932/33,1,0
nils-liedholm,Nils Liedholm,"1946/47, 1947/48, 1948/49",48,23
nils-olofsson,Nils Olofsson,"1948/49, 1949/50, 1950/51",10,0
nils-persson,Nils Persson,"1932/33, 1933/34",30,12
nils-sandin,Nils Sandin,"1925/26, 1926/27",6,1
nils-erik-tomell,Nils-Erik Tömell,"1936/37, 1937/38, 1938/39",6,0
noel-sernelius,Noel Sernelius,"2023, 2024",3,0
nuredin-bakiu,Nuredin Bakiu,"2006, 2007, 2008, 2009",77,0
okand-spelare,Okänd Spelare,1930/31,1,0
olie-hakansson,Olie Håkansson,"1952/53, 1955/56",2,0
oliver-lonn,Oliver Lönn,"2008, 2009",3,0
olle-bergstrom,Olle Bergström,"1955/56, 1959, 1960",5,0
olle-carlberg,Olle Carlberg,"1935/36, 1936/37, 1940/41",55,0
olle-delborn,Olle Delborn,1947/48,1,0
olle-eckerud,Olle Eckerud,"1935/36, 1936/37",22,0
olle-hakansson,Olle Håkansson,1950/51 och 7 säsonger,151,19
olle-nordin,Olle Nordin,1970 och 4 säsonger,86,24
olle-siljeholm,Olle Siljeholm,"1928/29, 1929/30",15,0
olle-stahl,Olle Ståhl,1931/32 och 6 säsonger,107,4
olof-carlberg,Olof Carlberg,1933/34 och 4 säsonger,67,2
olof-eckerud,Olof Eckerud,"1933/34, 1934/35",25,0
olof-olsson,Olof Olsson,1974,1,0
oscar-bjorkqvist,Oscar Björkqvist,1925/26,8,1
oscar-holmqvist,Oscar Holmqvist,1939/40 och 9 säsonger,168,24
oscar-jansson,Oscar Jansson,"2021, 2022, 2023, 2024",102,0
ove-karlsson,Ove Karlsson,1974 och 6 säsonger,111,9
ove-kindvall,Ove Kindvall,1962 och 9 säsonger,178,101
ove-lindholm,Ove Lindholm,1965,6,1
ove-nordqvist,Ove Nordqvist,"1984, 1985, 1986",44,2
ove-stahlback,Ove Ståhlbäck,1932/33 och 5 säsonger,56,30
ove-tharning,Ove Thärning,1962,2,1
patric-karlsson,Patric Karlsson,1995,26,12
patrik-andersson,Patrik Andersson,1986 och 9 säsonger,146,46
patrik-jonsson,Patrik Jönsson,2000 och 7 säsonger,119,3
patrik-kieback,Patrik Kieback,"2001, 2002, 2003",69,2
patrik-sandstrom,Patrik Sandström,"1994, 1995, 1996",58,6
patrik-svensson,Patrik Svensson,"2005, 2006, 2007",56,5
pelle-andersson,Pelle Andersson,1996 och 5 säsonger,90,19
per-blohm,Per Blohm,"1992, 1993, 1994, 1995",75,8
per-forsberg,Per Forsberg,1927/28,3,0
per-hogmo,Per Högmo,1986,2,0
per-lager,Per Lager,1986,1,0
per-nilsson,Per Nilsson,"1939/40, 1941/42, 1942/43",9,0
per-inge-jansson,Per-Inge Jansson,1963 och 4 säsonger,51,0
per-olof-eek,Per-Olof Eek,1970 och 8 säsonger,214,7
peter-fyhr,Peter Fyhr,"1997, 1998, 1999",43,10
peter-hagstrom,Peter Hagström,1968,2,0
peter-hansen,Peter Hansen,2003,14,0
peter-liljedahl,Peter Liljedahl,1974 och 8 säsonger,155,0
peter-lonn,Peter Lönn,1980 och 9 säsonger,147,25
peter-skoog,Peter Skoog,"2005, 2006",3,0
petrit-burrniku,Petrit Burrniku,2003,6,0
petru-racu,Petru Racu,2007 och 4 säsonger,81,4
pierre-gallo,Pierre Gallo,"2004, 2005, 2006",37,5
pontus-almqvist,Pontus Almqvist,"2017, 2019, 2020",28,5
par-olof-olsson,Pär-Olof Olsson,1974 och 5 säsonger,137,64
ragnar-andersson,Ragnar Andersson,"1927/28, 1928/29, 1929/30",55,14
ragnar-eriksson,Ragnar Eriksson,"1989, 1990",31,4
ranko-djordjic,Ranko Djordjic,"1985, 1986, 1987, 1988",69,12
rasmus-lauritsen,Rasmus Lauritsen,"2019, 2020",48,11
rawez-lawan,Rawez Lawan,"2013, 2014, 2015",57,4
renato-braga,Renato Braga,2004,20,10
richard-spong,Richard Spong,"2005, 2006, 2007, 2008",95,2
rickard-carlsson,Rickard Carlsson,"1926/27, 1927/28",25,6
riki-cakic,Riki Cakic,2007 och 4 säsonger,44,3
robert-hillstedt,Robert Hillstedt,"2003, 2004",8,0
robert-steiner,Robert Steiner,"1995, 1996, 1997",47,15
rodrigo-pontes,Rodrigo Pontes,2004,20,2
roger-lonn,Roger Lönn,1989,2,0
roland-andersson,Roland Andersson,"1961, 1964, 1965",16,0
roland-niva,Roland Niva,"1952/53, 1953/54",20,8
roland-pressfeldt,Roland Pressfeldt,1964 och 9 säsonger,175,2
roland-svensson,Roland Svensson,"1972, 1975",9,0
rolf-rosenqvist,Rolf Rosenqvist,1956/57 och 4 säsonger,19,7
roy-bergstrom,Roy Bergström,1974,9,0
runar-spannare,Runar Spännare,1950/51,3,1
rune-lind,Rune Lind,1955/56 och 8 säsonger,147,3
rune-pettersson,Rune Pettersson,"1939/40, 1942/43",6,1
russell-mwafulirwa,Russell Mwafulirwa,"2008, 2009, 2010, 2011",57,18
samuel-adegbenro,Samuel Adegbenro,2021,30,17
sasa-sjanic,Sasá Sjanic,"2007, 2008",6,0
sead-haksabanovic,Sead Haksabanovic,"2019, 2020, 2021",65,13
sebastian-andersson,Sebastian Andersson,"2016, 2017",51,20
sebastian-francisco,Sebastian Francisco,2009,1,0
shpetim-hasani,Shpetim Hasani,"2010, 2011, 2012",75,25
sigge-andersson,Sigge Andersson,"1929/30, 1930/31",21,5
sigge-wigren,Sigge Wigren,1932/33,12,0
siim-luts,Siim Luts,2013,13,0
simon-dogan,Simon Dogan,"1999, 2000",7,0
simon-omekanda,Simon Omekanda,2007,12,1
simon-skrabb,Simon Skrabb,"2017, 2018, 2019",71,12
simon-thern,Simon Thern,"2018, 2019, 2020",74,9
siyabonga-siphika,Siyabonga Siphika,2005,9,0
slobodan-marovic,Slobodan Marovic,"1992, 1993, 1994",49,4
stefan-alven,Stefan Alvén,"2000, 2001",35,1
stefan-broberg,Stefan Broberg,"1973, 1974",11,2
stefan-pettersson,Stefan Pettersson,"1982, 1983, 1984",43,24
stefan-thordarson,Stefan Thórdarson,"2005, 2006, 2007, 2009",87,27
stefan-tiborsson,Stefan Tiborsson,1988,7,0
sten-westerlund,Sten Westerlund,1951/52,3,1
stephan-bolma,Stephan Bolma,"2023, 2024",5,0
stig-vadstena-gustafsson,"Stig ""Vadstena"" Gustafsson","1941/42, 1942/43",9,7
stig-vammar-gustafsson,"Stig ""Vammar"" Gustafsson",1955/56 och 5 säsonger,97,4
stig-bornhager,Stig Bornhager,"1961, 1962",17,9
stig-falk,Stig Falk,1931/32,4,1
stig-kullman,Stig Kullman,"1936/37, 1937/38, 1938/39",37,25
stig-kordel,Stig Kördel,1931/32,1,0
stig-palmgren,Stig Palmgren,"1952/53, 1954/55",3,1
stig-sundqvist,Stig Sundqvist,"1948/49, 1949/50, 1950/51",26,14
sture-nilsson,Sture Nilsson,"1924/25, 1925/26",7,0
sulo-vaattovaara,Sulo Vaattovaara,1988 och 9 säsonger,222,9
svante-larsson,Svante Larsson,"1976, 1977",27,5
sven-axbom,Sven Axbom,1952/53 och 7 säsonger,167,9
sven-b-dahlstrom,Sven B Dahlström,1933/34,15,0
sven-bergstrom,Sven Bergström,1926/27,3,1
sven-dahlstrom,Sven Dahlström,1935/36,6,0
sven-ljungqvist,Sven Ljungqvist,1927/28,1,0
sven-persson,Sven Persson,1941/42 och 8 säsonger,147,66
sven-pettersson,Sven Pettersson,"1924/25, 1925/26",5,0
sven-ringborg,Sven Ringborg,1924/25,1,0
sven-ringdahl,Sven Ringdahl,1927/28,1,0
sven-stromback,Sven Strömbäck,"1947/48, 1948/49",13,0
sven-widin,Sven Widin,"1936/37, 1937/38",6,2
sven-ahman,Sven Åhman,1936/37 och 5 säsonger,31,0
sven-erik-svensson,Sven-Erik Svensson,"1974, 1975, 1976",4,0
sven-evert-hesselgren,Sven-Evert Hesselgren,"1968, 1969",26,5
sven-olof-bergman,Sven-Olof Bergman,"1982, 1983",40,3
sven-ake-wickberg,Sven-Åke Wickberg,1939/40 och 4 säsonger,45,0
solve-flisberg,Sölve Flisberg,"1924/25, 1925/26, 1926/27",38,12
soren-andersen,Sören Andersen,1995,10,4
soren-andersson,Sören Andersson,1967,3,1
soren-nilsson,Sören Nilsson,1982 och 4 säsonger,51,2
tage-ekstrom,Tage Ekström,1942/43,1,0
tesfaldet-tekie,Tesfaldet Tekie,"2015, 2016",32,0
theodore-rask,Theodore Rask,"2020, 2021, 2022",11,0
thomas-andersson,Thomas Andersson,"1986, 1988",5,0
thomas-erixon,Thomas Erixon,1979,1,0
thomas-johansson,Thomas Johansson,1997,1,0
thomas-magnusson,Thomas Magnusson,"2006, 2007, 2008",81,6
thomas-olof-andersson,Thomas Olof Andersson,"1977, 1978, 1979",26,3
thomas-olsson,Thomas Olsson,1998 och 4 säsonger,86,9
thor-andre-olsen,Thor-André Olsen,1999,6,0
thordur-thordarson,Thordur Thordarson,1999,13,0
timmy-wilhelmsson,Timmy Wilhelmsson,2009,6,0
timmy-zetterqvist,Timmy Zetterqvist,"2004, 2005",2,0
tobias-rickhammar,Tobias Rickhammar,2010,12,0
tom-skarin,Tom Skarin,"1986, 1987, 1988",22,1
tomas-brolin,Tomas Brolin,1990,9,7
tomas-erixon,Tomas Erixon,"1978, 1979",25,3
tomas-fransson,Tomas Fransson,1985,20,0
tomas-gustavsson,Tomas Gustavsson,"1985, 1986",27,0
tomas-malm,Tomas Malm,1972 och 6 säsonger,116,2
tomas-mansson,Tomas Månsson,"1979, 1980, 1981, 1982",98,3
tony-martinsson,Tony Martinsson,"1987, 1988, 1989, 1994",36,3
tor-arne-fredheim,Tor-Arne Fredheim,1984 och 7 säsonger,120,15
torbjorn-jonsson,Torbjörn Jonsson,1953/54 och 12 säsonger,229,94
tore-ekstrom,Tore Ekström,1925/26,1,0
tore-gustavsson,Tore Gustavsson,"1938/39, 1939/40",7,3
tore-hjertqvist,Tore Hjertqvist,"1929/30, 1930/31",8,0
torsten-elvhage,Torsten Elvhage,"1950/51, 1951/52, 1952/53, 1954/55",12,2
torsten-gronqvist,Torsten Grönqvist,1949/50,1,0
torsten-johansson,Torsten Johansson,1924/25 och 16 säsonger,305,97
torsten-lindberg,Torsten Lindberg,1940/41 och 11 säsonger,243,0
ture-sandberg,Ture Sandberg,"2023, 2024",15,1
ulf-hultberg,Ulf Hultberg,1964 och 10 säsonger,192,59
ulf-jansson,Ulf Jansson,1960 och 12 säsonger,192,19
ulf-ottosson,Ulf Ottosson,1996,7,0
valter-landstrom,Valter Landström,1924/25 och 7 säsonger,111,0
victor-blomqvist,Victor Blomqvist,"1930/31, 1931/32",20,0
victor-lind,Victor Lind,2023,29,6
viktor-adsell-sjoberg,Viktor Adsell-Sjöberg,2010,1,0
viktor-agardius,Viktor Agardius,"2021, 2022",37,2
viktor-ronneklev,Viktor Rönneklev,2004 och 7 säsonger,169,6
vito-hammershoj-mistrati,Vito Hammershoj-Mistrati,"2023, 2024",48,10
wyn-belotte,Wyn Belotte,2002,1,0
yahav-gurfinkel,Yahav Gurfinkel,2021,6,0
yngve-carlsson,Yngve Carlsson,1930/31 och 8 säsonger,86,0
ake-brynje,Åke Brynje,1939/40,1,0
ake-johansson,Åke Johansson,1949/50 och 15 säsonger,321,1
ake-larsson,Åke Larsson,"1939/40, 1940/41",7,0
ake-skarin,Åke Skarin,1939/40,2,0
orjan-martinsson,Örjan Martinsson,1959 och 8 säsonger,173,52
